id,score,author,num_comments,subreddit
l8rf4k,484763,SomeGuyInDeutschland,13964,wallstreetbets
haucpf,438825,ReallyRickAstley,18966,pics
62sjuh,436553,serventofgaben,5121,movies
gyfedz,406976,rextraneous,4285,memes
jptqj9,365121,throwawaynumber53,28362,news
ig9u4z,340900,BlackAdder7,3312,memes
l6wu59,337266,vrweensy,12874,wallstreetbets
90bu6w,333708,FootLoosePickleJuice,4365,aww
7mjw12,308589,the_Diva,2452,funny
fj45ih,299251,theonlymexicanman,1985,memes
l78uct,298435,DeepFuckingValue,23063,wallstreetbets
88ll08,297536,patientbearr,11394,videos
gzvmsr,295573,None,16656,PublicFreakout
gi8l07,294230,GGezpzMuppy,1887,memes
hzkbop,286842,GovSchwarzenegger,3569,aww
5gn8ru,283996,iH8myPP,4941,funny
hrpgzt,283165,i_hate_kitten,12693,gifs
jnbc9d,279770,blityc,2854,memes
ehb706,275289,finestjun,2217,aww
l7qap4,272889,achilles-_-23,1779,memes
j6ed00,272391,keeganhall,4720,nextfuckinglevel
fi2zjs,272002,onyxandcake,15678,pics
ccr8c8,269754,SrGrafo,3565,gaming
gh5c5i,264916,GallowBoob,10393,nextfuckinglevel
7431qq,263342,None,8675,funny
l846a1,263067,DeepFuckingValue,19959,wallstreetbets
khiyao,260000,PrettyCoolTim,840,memes
hd6nhx,259235,Zlecklamar,1046,memes
fmf637,258790,Pringles__,1690,memes
61ns2w,258411,pdmcmahon,8582,pics
gzn8tj,255633,Theon_Graystark,11682,pics
7ub9ax,255516,Bombaskos,3433,mildlyinteresting
gw1jbg,255209,smell1s,3103,interestingasfuck
g15hel,254559,Thibson34,6920,PrequelMemes
il4o88,252437,RadonLab,1771,nextfuckinglevel
fw1ch6,251782,Dzigi14,2310,memes
6z699p,250395,Tibujon,1989,pics
l77fdv,249876,a-horse-has-no-name,6668,pics
lkodmq,249354,beakf,1850,memes
jogzsr,246806,kakara92,1541,memes
l881ia,245950,keenfeed,4604,wallstreetbets
guua33,244979,Speedbird235,3764,nextfuckinglevel
exng3g,244063,iamnobodyelsel,1800,aww
7cff0b,241270,MBMMaverick,2749,StarWarsBattlefront
kk478s,241197,Yabba_Dabbs,5494,gaming
gyxtur,238611,MohanBhargava,4836,nextfuckinglevel
7kvjuz,237022,Romobyl,4747,funny
ioyntd,236310,RavenRosie,5558,pics
fdemc6,235293,MECHASCHMECK,5937,pics
ls63yn,233756,_buzzedlightyear,2040,nextfuckinglevel
j3oj21,233318,hoosakiwi,33293,news
i3izcv,231902,None,18922,pics
l7hah3,231806,justlooking033,1306,memes
5bx4bx,230831,Itsjorgehernandez,6023,pics
ik0qu9,230225,WhatTheMat,4808,memes
aohpmo,228918,FreeSpeechWarrior,6246,pics
i5zoq5,228698,None,1216,memes
kylp32,228367,txhrow1,2884,Unexpected
gvdl01,228329,SUPERGUESSOUS,8401,PublicFreakout
l6x130,228013,does-it-mater,17900,wallstreetbets
j2vitm,227890,tefunka,2359,PublicFreakout
a1yofz,227165,springfart,2192,gaming
kocegl,226899,the_sinking_boat,947,memes
lu42yh,226435,NRGpop,2113,nextfuckinglevel
j0w79j,226360,Exclamation_Marc,2799,funny
dfn3yi,226322,SageMo,9423,news
juqm4s,226050,m3antar,1897,nextfuckinglevel
h8br11,224008,TurnipTimeMyGuys,3151,pics
d9gvok,223989,heycanwedie,3267,memes
injobz,223812,mistermuesli,2894,memes
ktrcoo,223636,DaFunkJunkie,10690,pics
cp4sce,223569,foxeydog,4667,pics
fqwind,223447,notmelaniatrump,2264,pics
lnqgz8,223089,DeepFuckingValue,12915,wallstreetbets
d8bvvm,222982,VictorJ45,1546,wholesomememes
hm9r3l,222828,PowerfulOperation8,764,memes
5sfexx,222813,None,4318,pics
l18yys,222625,gumball_Jones,11675,news
ksmvhx,222405,Apollo611,6244,MurderedByWords
jewhxz,222088,kones_6999,940,memes
ablzuq,221996,ShoddySubstance,7945,AskReddit
cmrkpt,221473,socialpronk,2780,aww
geqgdh,220817,AwesomeAdviceBot,1759,memes
d2bwot,220618,System32Comics,2446,funny
lvcakc,220472,velabas,6542,gaming
frdd1d,219750,__Augustus_,4990,space
i0wgoo,219438,RudyWillingham,1556,funny
aonp75,219174,Yorkshire45,2060,Showerthoughts
glwkpy,218745,TheOutSider154,962,memes
i9inie,218129,XDEC0DE,1451,memes
kbxb0n,218051,JesseD320,4608,pics
gx6ol5,217766,N301CF,6370,interestingasfuck
laa59v,217325,juanTressel,6414,PublicFreakout
l6ekdz,217295,DeepFuckingValue,14691,wallstreetbets
ge4l65,217211,Toll_House69,1825,funny
lemtxy,217202,beerbellybegone,4287,MurderedByWords
fjiz2r,216722,bingman_,782,memes
z1c9z,216189,PresidentObama,22824,IAmA
lae6j0,216126,DeepFuckingValue,18121,wallstreetbets
kxrxuv,215934,Godhemself,1157,memes
l7feld,215847,84935,5653,wallstreetbets
arfjs5,215844,effectivepep,2520,pics
bbql1i,215615,iKojan,6208,pics
lod395,215322,ml-soham,2384,nextfuckinglevel
l8c0u4,214941,mpwrd,7009,wallstreetbets
jptq5n,214320,PoliticsModeratorBot,81570,politics
fkq3qb,213965,tazijade,6182,pics
eubjfc,213682,headee,20177,news
aq8355,212898,iBlueSweatshirt,4755,pics
l1l3er,212882,jcepiano,6934,pics
dwdllq,212698,davidambart,2489,pics
lekzwj,212588,elch3w,1368,memes
ghujvl,211551,reddericks,2775,funny
f5wa9c,210863,booleowild,4793,nextfuckinglevel
i2drmj,210357,tahzeerr,1746,dankmemes
dsylqp,209866,takethi,10048,pics
5jrlw1,209840,iswearidk,5671,gifs
fnby1i,209804,Execute-order_66,1827,PrequelMemes
kewn6p,209086,Wrobbo09,1760,memes
gfzfgp,209080,Dullahen,2395,Unexpected
hpj55g,209023,haroldas194,6114,pics
koc1oz,208083,agepbiz,1768,nextfuckinglevel
hqeip1,208080,imaduco,1398,memes
kmkdng,207842,sock_bread,3579,nextfuckinglevel
6e7luk,207292,AWildSketchAppeared,6759,pics
co6h3d,207258,rightcoastguy,4735,pics
ibchvo,207246,sparkysparkyboombaby,1706,Unexpected
gc8gl3,206780,s_e_e_t_h_r_o_u_g_h,3287,nextfuckinglevel
krxeos,206441,nmezib,5313,LeopardsAteMyFace
6qatmn,206387,iH8myPP,2478,funny
9cmazx,205967,Goal1,3659,pics
kjdwn1,205655,Morchel03,1391,memes
hzd35i,205496,TheJenkinsComic,714,funny
kic0ea,205353,mnhaverland,2150,pics
krzghx,205302,ahvostin,5791,pics
hhw2e0,205288,FreddyKrum,1322,memes
62td2v,205016,KushloverXXL,2231,space
k4qide,204539,stem12345679,8396,worldnews
ecx5n4,204135,Jwgt32,1440,MemeEconomy
hc387h,203844,prestidigitator97,874,memes
g6z08y,203438,Arc1ZD,9056,WatchPeopleDieInside
g5dhix,203429,dartmaster666,8967,nextfuckinglevel
lt8gjm,203372,memezzer,2466,Unexpected
7s6y7w,203291,Buki1,1959,gifs
eclwg9,202903,MachoNachoTaco,20007,worldnews
hhgim2,202835,jcepiano,6323,pics
fnkcys,202755,newsilverdad,1425,aww
7r9ptc,202752,MalletsDarker,2198,funny
euntmz,202366,narcolepsyinc,1456,funny
id7tva,202280,menovat,7732,memes
7pnxv2,202236,unknown_human,4026,pics
ium3nm,202040,None,836,memes
8lfwjv,201847,jacques4801,3940,pics
jr5wtk,201719,lapapinton,4852,funny
7eojwf,201658,root_su,2710,IAmA
iqwar1,201469,1q8b,2720,nextfuckinglevel
l890i7,201312,keenfeed,4555,wallstreetbets
ahal9v,200930,sirmakoto,1958,aww
jqfm3b,200817,Orange_fury,5348,news
iikebv,200756,whereami1928,9727,movies
dfc00m,200477,None,2247,memes
holruc,199794,None,745,memes
7qt032,199562,guyi567,1640,funny
84aiy6,199299,ScienceModerator,3829,science
gjozlm,199130,theFLUFF131,1481,memes
dhfigp,198860,alebrew,2602,funny
fih6k8,198612,TisAubrey,1124,wholesomememes
gvxarx,198381,confresi,11876,pics
i4rnja,198058,zaynthelegend,8142,awfuleverything
f8p6lf,197926,OhMyGodItsLiquid,989,memes
f08dxb,197598,txhorns1330,13352,AskReddit
l6jobf,197559,shhaayy,6823,wallstreetbets
frnmkn,197534,samcornwell,2917,WatchPeopleDieInside
ckbolc,197271,Aritilli,4570,aww
gupyuy,197060,thewrongun,5642,facepalm
gccrdd,197042,MisterT12,1800,gaming
dcabzh,197022,whatis_bombs,926,pics
6u6mw4,196721,cdnchef,2800,pics
aad0i8,196711,etymologynerd,2623,aww
9p2oqt,196609,TooShiftyForYou,4203,gifs
i2ctmr,196214,tteeggeerr,783,memes
iwedc5,195918,esi_disi,10262,AskReddit
jxi6p6,195733,GolfDadNotes,887,wholesomememes
j3qvhf,195411,bumblebee2496,897,memes
gx7qpp,195370,DrFetusRN,5006,nextfuckinglevel
jl0bjq,195336,RegularNoodles,1868,memes
inpqks,194982,jaketocake,1299,nextfuckinglevel
jnwxws,194662,Ronaldit0,794,memes
i2bo3t,194513,sarahjewel,3200,interestingasfuck
cyh627,194388,BigJeffin,2700,aww
7jsyqt,194098,spez,14516,announcements
l8k6ha,194098,swante_taggart,670,memes
l79x17,193505,game_stone,2775,wallstreetbets
a4lc3z,193387,Shitty_Watercolour,1435,gaming
elxa0j,193280,TheDaydreamerBoy,7409,pics
guk1zo,192839,Everseer12,3524,memes
a89m64,192809,loulan,5895,pics
979ywc,192775,JaMollyAdams,5278,pics
fmw8jw,192673,bruggekiller,1572,memes
8jzyb6,192566,arabscarab,6147,announcements
it6820,192487,hin2u,635,memes
g4k60s,192450,Tyree07,11484,pics
ks2asd,192227,drugs-and-group-hugs,2120,memes
83ichd,191823,AnGabhaDubh,2380,mildlyinteresting
9bx0o9,191491,deadleaf_shrimp,3200,funny
l6qbnp,191250,GaydolfHipster,1831,memes
j5hh6l,191139,Currynrice9728,3942,nextfuckinglevel
7cw2m9,191023,TheDarkLord66,3709,funny
joht95,190977,OffendedDishwasher,722,dankmemes
gzm2u0,190817,GravyxNips,744,memes
j556ba,190769,SonOfQuora,2247,interestingasfuck
guqzyg,190709,Alph_x,7775,PublicFreakout
7jxoon,190655,bsurfn2day,4850,funny
aj49zn,190287,ELFAHBEHT_SOOP,2264,dankmemes
ho4otc,190236,bella3774,1237,MadeMeSmile
hnavd5,190178,IDontHaveAName666,683,memes
l90oq6,189730,Lunar033,3811,wallstreetbets
8tzsyf,189666,zombi3123,3741,pics
cpsdwd,189425,UsernameUsernameson,7637,pics
901p5f,189356,DoremusJessup,18006,worldnews
l74tr1,189189,BootySenpai,2378,wallstreetbets
hwy1o1,189017,I_AM_YUGESH,1054,memes
lo4jc2,188910,ChiggyBiggyG,565,memes
artkmz,188638,Mattwatson07,12022,videos
abixpi,188428,Lord-AG,2145,pics
84aebi,188174,areallyshitusername,6813,news
gk2pog,187755,Mrlluck,2339,memes
fgoaoj,187725,shuckfeldt,3042,funny
jqmj19,187722,Jinglejr,968,memes
6zos6q,187719,Bizarrmenian,6129,pics
fjie8a,187710,czmanix,1051,funny
fy0ah5,187615,GallowBoob,2013,interestingasfuck
ctyc5c,187540,30624700306247705342,6181,gifs
9o6mqk,187494,Lifelapse,2229,pics
fo6q11,187454,Andrekweku,1868,aww
99hl0j,187452,None,6081,pics
jv4nra,187444,ZyleErelis,2328,memes
l74knv,187338,Jommy69,1696,memes
kjz8z1,187319,Dexdeman,687,memes
f6jt5e,187315,w2555,5358,LifeProTips
akoxqk,186899,vassili_zaitsev,1345,aww
9lifio,186725,TooShiftyForYou,8096,gifs
draola,186432,Ka1-,2779,AskReddit
dgcej8,186432,anoreksicni,1127,memes
fldol3,186334,Yellogre,1458,dankmemes
l7afyx,186293,hilbertthedog,4371,nottheonion
i76v59,186292,Dauntless1,2105,pics
dp5lr1,186248,purrgatory920,9879,news
l9kn3z,186043,spargeletto,3473,wallstreetbets
h94frm,186042,gangbangkang,3893,pics
dricue,185869,8eloZer0,1173,memes
ks8ctf,185549,saucy-mel,2193,memes
hhdtu6,185471,None,2094,nextfuckinglevel
g87wfa,185222,jcepiano,2834,nextfuckinglevel
e5jy9g,185217,Kwilos,2177,pics
kuu1np,185010,crackercharlie,3645,memes
eimmhx,184765,AutisticPotato13,3825,memes
hpte63,184583,Ghulam_Jewel,2583,aww
i1f1xr,184525,THE-ONE3434555343455,8524,me_irl
fts46y,184255,GrubbyLilPaws,3028,dankmemes
h16nue,184210,Robo2627,1265,memes
hwrhx2,183934,Deo-Sloth24,2541,funny
dq8gm7,183848,Timber371,2528,funny
abx582,183735,ToddmanHorseboy,5423,pics
g7jkzz,183727,LamboSamba,1483,pics
eh8txp,183618,rock_8,1229,memes
jnzc16,183558,NewCarthagea,2956,nextfuckinglevel
kb357l,183498,None,1053,memes
arcmve,183395,MarshmallowMatt,1866,MadeMeSmile
if592f,183343,MMDX,1538,interestingasfuck
ehldvi,183252,ofcabbagesandkings14,1672,aww
7p7ffi,183192,EverythingFerns,2569,funny
kr8op6,182972,Cheap_Double9726,4311,AskReddit
7ag091,182926,Scaulbylausis,2312,pics
hapxha,182921,kevinowdziej,6752,PublicFreakout
crpjwk,182231,ivereadthings,2734,aww
ek33p5,182160,Biles,1119,Showerthoughts
7cog1u,182132,TheMadPuma,12050,gaming
lazmky,182043,nekenemkj,4360,wallstreetbets
gvscn6,182011,ImWadeYo,1723,funny
7m28mc,181948,Faris-Hilton,2109,pics
guwk0g,181908,Sprinklys,4797,trashy
iukkhw,181826,infamousbach,460,dankmemes
csxnep,181552,sloth_on_meth,3795,PewdiepieSubmissions
cv31p6,181496,GallowBoob,4330,interestingasfuck
awyf90,181381,julcarls,1607,aww
98crc8,181236,strikeoutsteph,2123,aww
lnf3zg,181166,beerbellybegone,4144,MurderedByWords
irj36w,181114,A_Greek_Boi,808,dankmemes
73w8zb,181033,tynation,4685,pics
7en6do,180910,gheldean,2095,books
hp1b07,180829,AmaterasuWolf21,617,memes
l79jko,180640,game_stone,2418,wallstreetbets
gnl55y,180494,rnielsen776,1511,aww
i05m7a,180361,beerbellybegone,2046,MurderedByWords
ke6j9j,180349,MrCuteDiaper,1131,memes
kwt1op,180144,i_am_bartman,4452,pics
j9vvpz,179887,emanu21,4454,pics
kt3guk,179872,None,1875,memes
hamwzf,179814,_clickhere_,978,memes
76zwxx,179642,sylezjusz,6493,pics
9as254,179622,unknown_human,2938,gifs
jljqg7,179432,_L3g10n_,2012,pics
gw5iyo,179384,jigsawmap,13184,pics
jz9cf6,179322,minorthreat1000,893,memes
ikh5g5,179290,Onfour,572,memes
a9jiea,179259,Mal_Reynolds84,1858,pics
7qp34o,179205,PNWndn,3682,funny
9ditu6,179189,foreverwasted,3847,funny
6afe8u,179178,t17389z,6056,videos
ii7f91,179145,dcxr,3879,memes
hnkkum,179020,orchid_breeder,6692,WhitePeopleTwitter
l6uedb,179010,EpicWizard123,1021,memes
d6zfsp,178967,None,623,dankmemes
b45f0o,178948,DrChilton,1776,gifs
ho9ohl,178830,sellyourcomputer,784,funny
arer0k,178825,ajamesmccarthy,3927,space
i4hp2z,178602,Amateurlapse,1728,WatchPeopleDieInside
hyxog8,178135,Boatering,2596,pics
7ej943,177997,IAmSlimShady,10742,news
echrdd,177976,tugnasty,5274,pics
cec448,177878,Thori-0,2990,DunderMifflin
b1rycu,177497,repfam4life,2510,aww
781imr,177486,NainoRed,7348,gifs
isl4xs,177480,None,991,memes
iry7lr,177392,Araragi_Monogatari,1965,nextfuckinglevel
l7nces,177053,IDoLikeMyShishkebabs,6448,wallstreetbets
knz10q,176963,3995346,4468,nextfuckinglevel
l1d2ko,176877,douglasmacarthur,8972,news
63pnhz,176622,GorillaS0up,4453,pics
7m44jt,176456,Rancor_Emperor,2448,aww
hg6xwr,176410,JohnnyBeFree,2672,aww
k8n8sz,176202,rhinotjv,4682,interestingasfuck
a9fi2j,176193,gangbangkang,1876,pics
l2sacz,176178,None,1087,MadeMeSmile
hhz6dx,176160,Zelderian,2174,memes
7qybyi,175965,the1godanswers2,3045,pics
k62439,175862,harshvpandey101x,2344,memes
8f89zj,175776,CrispCrisp,8732,pics
dgib1y,175727,None,5887,pics
kwqbtc,175650,None,12997,news
aoidr9,175621,hockeyjmac,5727,pics
ie58zn,175423,3BirbsInARainCoat,2934,interestingasfuck
7oz6np,175419,xMeta4x,2515,gifs
havhcd,175399,akashdas323,4942,Wellthatsucks
9whgf4,175366,-eDgAR-,27752,AskReddit
7m13gd,175360,Oven_Kid,4909,gaming
7cv8hc,175253,puga1505,9483,gaming
fjbyok,175010,cdicdd2018,2184,pics
hv0qbj,174980,big-nicks-dick-muget,1240,memes
jb140j,174864,heydude_Role_67,2238,interestingasfuck
iinin6,174849,SFinTX,1300,nextfuckinglevel
jg7j2u,174842,aSaucyDragon,1189,memes
ihaqsl,174835,ajamesmccarthy,3624,pics
iu83de,174745,None,2363,nextfuckinglevel
l1cici,174739,Iangator,2734,MurderedByWords
i6nff5,174584,zakuria44,1371,dankmemes
cpaikg,174551,l-Orion-l,3388,interestingasfuck
c7yzex,174524,123CJP,3058,pics
fio7kl,174505,Mikebenitez10,1979,funny
hi2als,174446,naravianana,990,pics
8xqg68,174445,iDontLikeYouAnyway,3605,pics
lmsr6w,174361,THE_SAUCE_OF_LEGENDS,12250,pics
ex5yzk,174126,BeyondFootball,1900,memes
70azv1,174098,JSark,2224,gaming
i7gn3m,174014,Amaan_k,962,memes
a99fw9,173986,Snorkels721,8829,tifu
j83hnf,173964,Fatcatdaisy,1675,funny
irwqt8,173804,notkhaos,1120,memes
l1do0z,173787,amisentient,3283,pics
ka4qmm,173777,ElvisIsATimeLord,2155,MadeMeSmile
kgl8vc,173754,tfoust10,1916,pics
emfedt,173703,Cruye,2221,nextfuckinglevel
crzqtu,173597,Porodicnostablo,4066,interestingasfuck
eh526x,173547,None,3210,memes
awd10u,173459,zjb55446,2832,Showerthoughts
lb8jtk,173452,string_beans,4137,wallstreetbets
jvawxo,173361,ghost_knight1121,3541,gaming
kogrqw,173269,agabcharif,950,memes
kwi9yr,173218,PrikroyMan,8475,gaming
ktkxbc,173202,MaG_NITud3,918,memes
l7z8pf,173188,always_plan_in_advan,3731,wallstreetbets
flmmzz,173049,Yusi-D-Jordan,1472,PrequelMemes
f79gjl,173020,joshy_squash,1676,memes
i2gomk,172984,Master_Flip,1343,memes
laar3i,172832,DylanP3692,2215,gaming
fd3k8o,172799,OddlyGruntled,865,aww
ixv5qj,172704,yvesroyce2,2185,nextfuckinglevel
cjss0s,172595,kozakandy17,4007,funny
iltia7,172554,idea4granted,2404,memes
f1nnuc,172389,vosszaa,2288,aww
i2177k,172329,JohnnyTeardrop,8156,pics
hrr656,172216,tteeggeerr,870,memes
jmqkkb,172134,sushicats,3393,funny
jv9zh3,172058,God_Slaya,2323,memes
ii4sdq,172013,mousito1,1964,aww
fzxm4k,171620,DuccBro,877,memes
g66fdr,171440,DarkStormPT,937,PrequelMemes
ho3w48,171404,George2110,800,memes
g1xb1p,171353,soup_sammich_,1788,aww
evzmn4,171196,iSlingShlong,4086,PublicFreakout
h9h11e,171113,schwachs,10343,news
ktenem,171080,Urf_Hates_You,13622,news
iltkeb,171060,BC3613,5331,pics
fwi83r,170926,ETDesigns_,5708,nextfuckinglevel
az3ejn,170920,Baxxo25,1637,wholesomememes
8bb5r8,170875,onionmanchild,4275,gifs
iv3jgc,170866,longboii420,1412,dankmemes
ksddu6,170865,blityc,1296,memes
h7kehm,170861,TRexLovesPancakes,2869,nextfuckinglevel
fhdwou,170792,dannylopuz,1399,aww
i3hbvc,170711,fnaw_,11367,WatchPeopleDieInside
is6s8a,170694,Thereaper29,2065,interestingasfuck
kak5av,170691,Asalami_Laykum,3348,MadeMeSmile
i3l7k4,170659,9999monkeys,848,aww
76ivjw,170508,ohyouresilly,6814,gifs
l6tf78,170431,SeenSomeThangs,2187,aww
jr0khu,170327,jcepiano,7530,PublicFreakout
cohqmr,170195,headee,32190,news
lprghs,170187,beerbellybegone,3273,MurderedByWords
k1hhz7,170133,idea4granted,811,memes
h97coj,170129,Fendabenda38,5328,PublicFreakout
e6kejx,169959,lucaplays,885,memes
9hvobh,169954,commonvanilla,1874,aww
l2lvov,169592,__Dawn__Amber__,646,dankmemes
eooq3k,169485,St0pX,1465,Unexpected
8pt2oc,169421,ronlechler,3237,funny
hpjw2f,169337,blameitonelaine,1636,funny
dgua6k,169214,FS16,2378,pics
7ldc7d,169038,Two_Inches_Of_Fun,5389,gifs
cfbgj1,168953,PerturbedPython,2830,memes
iswp39,168927,ijustwanttotalkboobs,2546,WatchPeopleDieInside
azne86,168837,sandwoman-23,1343,wholesomememes
6hpx3r,168809,Diupa,2119,gifs
j5k58a,168737,watercatte,1731,interestingasfuck
5y51v9,168735,BigCballer,1300,funny
kqer60,168717,idea4granted,1435,memes
kgvne6,168711,tyleryoungblood,1942,funny
kacw11,168656,Chasith,1416,memes
ggn3jx,168639,ILoveRegenHealth,6965,pics
73tjs8,168622,amro_faraj,5463,pics
l7c6kb,168608,ilikelucy1,6675,wallstreetbets
g7ixbp,168604,paolols,5379,WatchPeopleDieInside
9c5lzd,168534,None,7061,gifs
g90ewi,168514,lelelele98,1886,MadeMeSmile
hgvzck,168479,__Dawn__Amber__,1259,memes
hbrimd,168444,Helpful__Alfalfa,1865,todayilearned
jyk3fj,168440,TheTiniestGhoul,2396,pics
c22hu3,168324,bandidom9,2294,aww
bpet7l,168290,SackJnyder,1721,memes
i8tn53,168154,DigitalSword,2597,memes
hg2c5y,168113,okaymoskitoe,1648,memes
6f7yy0,167998,ezzif,2026,pics
7lspkm,167837,pdmcmahon,2240,pics
6rfyk9,167768,flexilexi22,2611,pics
ei926v,167763,majinwhu,1080,Unexpected
eilkd4,167706,DrD00fus,1683,dankmemes
ktfej3,167695,666FuCkThEwOrLd666,2988,WhitePeopleTwitter
9vfzny,167352,Queen_trash_mouth,1639,aww
lniq70,167336,rebel_chef,673,memes
l9ovhe,167308,ajamesmccarthy,1725,space
kwvoto,167295,JesusSlayer903,709,memes
bmabfj,167274,dinotrainer318,3431,teenagers
7cphxl,167183,GuacamoleFanatic,3671,funny
hlqiz0,167177,bunzthomas,2578,gaming
kz9ubb,167156,jaybailey079,699,memes
amwdc6,167081,NYRpuckhead,4234,BikiniBottomTwitter
ho67zi,167031,Livyka,1588,pics
bk2gzq,166938,JDMcompliant,1430,aww
k7vhum,166869,mikerich15,1458,aww
ftwv49,166861,LazyKAD,4027,gifs
fbi0c4,166820,Mini_Michael2,2738,memes
k2nngr,166792,kuloku,816,memes
k08ae0,166777,123uno456,1987,MadeMeSmile
78wn2r,166771,Cooter_McDoogletron,1953,funny
jwzd2u,166763,notkhaos,826,memes
d2uo0n,166731,youyouxue,3127,funny
km8ljd,166706,water_bear7,1311,memes
aia54p,166612,gshaywbhhygs,3434,pics
krn0tx,166612,None,2597,funny
h07pey,166527,distriived,3531,pics
lgl7ag,166483,_pancake_lover_,3325,todayilearned
f3r8bv,166420,None,1177,aww
gx3dur,166360,nsnop0,10448,PublicFreakout
hvq9m2,166337,llshreyansll,692,memes
9h905h,166325,Ginger_King,2046,funny
fbzigv,166239,DJ117Xx,3572,pics
8qc84c,166126,Don_Thate,1311,aww
i0tx88,166121,crolin88,1733,aww
gqec29,166113,just_a_dude2727,1558,memes
6m966v,166080,JuddJasper,3145,pics
cpvvpy,166060,FearTheFork_,2316,pics
jpupi3,166052,MaikoOstermann,724,memes
k94ktq,166038,PrettyCoolTim,709,memes
eczrni,166028,sloth_on_meth,1617,PewdiepieSubmissions
jt3gie,166006,Nicko9522,5692,gaming
ha83ob,165988,blackmachine312,2453,aww
i6u1kd,165985,eltopoquegira,976,memes
l64dnv,165880,Hoppy_Doodle,5047,funny
c8rn9f,165878,Boojibs,1484,oddlysatisfying
a85n08,165826,gmcl86,2775,funny
l6w0l3,165775,NRGpop,796,nextfuckinglevel
a3dwzq,165745,TooShiftyForYou,10794,gifs
jehurq,165730,None,1475,memes
fgeqd8,165676,GlipGlopKing28,1713,memes
j5t483,165618,dickfromaccounting,2068,interestingasfuck
hcrfr4,165584,TheToxicLogic,1367,nextfuckinglevel
g4b7ml,165551,zwschlei,1629,pics
ijwrec,165409,TeisTom,2110,aww
b0fi8e,165341,sammyr331,629,aww
j2ggkz,165300,beerbellybegone,3277,MurderedByWords
h7vxk0,165272,ridhan3912,2107,PublicFreakout
hjwwxh,165201,None,12745,news
f0sj5c,165191,BigDCanuck,2735,pics
g19uw6,165134,paigebennettblack,2583,mildlyinteresting
daefhv,165121,HungLikeaHorse33,4209,funny
kvxogf,165082,OnderGok,1956,nextfuckinglevel
gkmhfv,165075,My_Memes_Will_Cure_U,2058,PublicFreakout
ebi3pf,165060,Pinkman-Exo-7,1930,trashy
fld4ga,165058,AceLeader2998,461,memes
g803wv,164909,zoyanx,1007,memes
gvsbx3,164638,Fallendeity1,2146,pics
ekehvg,164637,Achilles982,2486,funny
fwgbsb,164607,Memstaah,830,memes
6797iq,164526,boravsbora,2789,pics
hriy97,164420,Fandam_YT,732,memes
dksiub,164196,gangbangkang,2289,pics
ecr60f,164115,Twunts,2180,MurderedByWords
buzdy7,164080,littlebill246,2020,aww
ias3c4,164060,1MorePint,3914,pics
d398dx,164049,chems_such_as_bleach,1587,dankmemes
jjejkq,164032,Thund3rbolt,1564,aww
c273ua,163935,None,2155,pics
f2cpyt,163896,pattywobbles,3367,aww
cqzckc,163824,-EG-,1689,aww
i4sp21,163801,bogdangc,3261,Unexpected
a3sl7m,163780,dkrwld1070,2547,gaming
fcsm6v,163685,xavi_chiang,1042,memes
kzqlwl,163598,Dansydemansy,1004,memes
b1tay1,163539,X_kansas_x,1090,aww
gu5pqj,163421,MaximumPollution,4883,pics
a2j1wx,163418,simple613,4612,pics
ebldpi,163378,seasonedearlobes,5687,funny
7ek4q6,163376,synbios16,4477,gaming
k9ncrf,163353,meme_stealing_bandit,798,memes
i9zj3k,163313,c001_b01,1461,WatchPeopleDieInside
5by1wy,163309,Zykium,8601,pics
leaxcf,163303,braddda,2185,gaming
fxc81x,163241,SrGrafo,2906,funny
bzra7z,163192,Legend534,1602,dankmemes
8ouvwv,163183,RespectMyAuthoriteh,1112,gaming
gjsq3s,163104,d3333p7,1399,nextfuckinglevel
7ryou7,163070,mike_pants,3746,gifs
ctxvmu,162994,adderix6,824,memes
gxnnyn,162961,fourllll,1242,memes
j7ash2,162951,Nicksharma93,786,memes
ijq6tx,162931,prguitarman,3638,gaming
dvg41v,162889,asantos,3519,PublicFreakout
63mmkj,162853,Steec,3762,pics
gswym4,162822,SENSHU_dp,1179,nextfuckinglevel
hs9mnz,162715,V1Analytics,7650,dataisbeautiful
imd03b,162677,idea4granted,595,memes
kmwf3j,162651,Macroc0sM,1059,memes
fm05u7,162637,holyfruits,1265,pics
kdvt98,162591,zihua_,1915,nextfuckinglevel
7lvwcy,162572,ImplicationOfDanger,1749,pics
9sz7en,162563,Ace_Of_Caydes,2139,gaming
cpsz9c,162557,mdahms95,1061,wholesomememes
igfoxe,162501,Kiwwwwwi,1194,interestingasfuck
lpxdvk,162500,Gabriel711,3096,gaming
abhvqy,162499,None,1488,gaming
ljm5un,162390,made_in_GEORGIA,838,memes
ataark,162371,britweins,3996,interestingasfuck
cyop7a,162317,re_DQ_lus,1132,memes
alcf59,162307,None,4988,pics
jrlvbr,162288,push_matrix,2596,gaming
gwwe9z,162281,None,10570,gifs
gz18az,162279,DaleRoberts2003,3969,WhitePeopleTwitter
kr73wf,162205,agabcharif,789,memes
bqgt43,162190,coolethanps2,3595,assholedesign
770205,162164,None,6396,gifs
b33ye1,162118,Pariahdog119,4825,pics
jn7zsh,161986,None,1408,MurderedByWords
j5vp4k,161968,Jesusc00,8038,gifs
9whu7p,161935,SigmundRoidd,1517,pics
80jsi9,161931,arabscarab,4667,announcements
k6ej0c,161806,naravianana,1533,interestingasfuck
lbp4my,161773,NRGpop,4570,nextfuckinglevel
dhp5x5,161709,Tmfwang,3171,pics
ccd8x0,161701,None,2692,mildlyinteresting
7pkmxw,161653,Jamtonisalon,4359,gifs
dklv8d,161584,gmcl86,1954,aww
k9uurc,161575,None,585,dankmemes
lhyp8a,161564,hyogurt,5159,news
fjbrbm,161555,Syruplava,3763,funny
iu8pyx,161532,Malonezone27,2799,funny
khub4k,161521,rperissi,1230,memes
8w9yre,161461,GallowPlaceholder,1935,gifs
hr98n9,161456,AlwaysTheNoob,6335,pics
l0kg7e,161038,PrettyCoolTim,946,memes
l7bh1m,161020,oofaloofa1,5729,wallstreetbets
cqna38,160771,beckscomics,781,comics
gjmajm,160732,Miskatonica,7829,todayilearned
jijwhs,160692,Deltagon,2460,gaming
jicy0f,160510,Broccoli_Milkshake,1214,nextfuckinglevel
lb6jld,160416,DeepFuckingValue,17472,wallstreetbets
kkio9z,160345,CatDadMilhouse,1808,pics
9cn4df,160341,iamkokonutz,2465,gifs
9gx68l,160333,san69cor,6743,AskReddit
gp5gzb,160302,TheBoneSmasher,1164,memes
a9b7c0,160286,asyouwissssh,1325,aww
kujbbg,160280,None,4609,interestingasfuck
8ih4tq,160244,bpbucko614,5403,todayilearned
9dlyi3,160131,YourWebcam,1380,aww
idl5c1,160101,SanySpring,2685,memes
com04g,160085,bypirates_myman,3587,Showerthoughts
kjkv09,159982,sellyourcomputer,614,funny
hj3y39,159961,beerbellybegone,2203,MurderedByWords
jcw2k2,159808,MilkyChast,1759,memes
fyhriw,159771,MisterT12,7450,PublicFreakout
lawubt,159581,mcuban,26380,wallstreetbets
l8bh0f,159508,daporp,1449,funny
7pbzcb,159491,Tartantyco,4223,todayilearned
hxi720,159407,Econort816,3481,dankmemes
ir0mjq,159401,Go_Habs_Go31,3311,pics
fop5f4,159395,BigAmerica,1913,memes
9lps9g,159336,moonmom614,2644,pics
hs5myr,159310,Ruatb,1087,memes
jljdha,159287,winkysocks21,687,memes
f3kz47,159260,sanch3z90,1122,memes
iuvykg,159207,psychicflea,2574,aww
k4of64,159203,eyefearnobeer,3461,PublicFreakout
dssln1,159126,phatposer,1577,nextfuckinglevel
hf0ea3,158978,WeTheIndecent,3675,funny
j2db23,158960,quickflik,3782,pics
l70b59,158956,None,4912,wallstreetbets
dfyw13,158942,Rushersauce,3085,pics
gehn5w,158887,BakedFish---SK,1103,memes
fhez46,158801,prestidigitator97,1105,memes
lbqvo6,158745,None,490,memes
6ev1q9,158738,nomnommy3,2373,pics
gttn56,158657,tokenblackguy90,3799,MadeMeSmile
hjp19v,158627,mariusiv,540,dankmemes
luh2eh,158585,AwesomeGuy_59,1649,nextfuckinglevel
liz67y,158570,Godhemself,1356,memes
fy8m8j,158499,knownothingwiseguy,3014,pics
b1i33f,158486,avengerxyz,11079,movies
9yj9fa,158466,curlyisraeli,2333,funny
i3ondq,158447,lester6793,1097,dankmemes
i8pq5h,158438,RarelyAquatic,3147,todayilearned
ecfiqc,158418,PM_ME_STEAM_K3YS,2766,gifs
ekcm64,158394,iabzeet,4015,memes
h8dtso,158357,Bmchris44,3052,WhitePeopleTwitter
irvc69,158322,corgems,1248,aww
lm5dpk,158306,Reddit_Knight_,1117,memes
l6vdyt,158249,kevinowdziej,1200,WhitePeopleTwitter
kx1t6k,158238,beerbellybegone,2683,MurderedByWords
acu0z3,158190,PKAJohn,1682,gaming
bnzbad,158189,DrStalker,1518,freefolk
hbg5l2,158148,Hashbrown924,1203,memes
ctp7os,158146,Pics_Mod_Bot,2,pics
i403ht,158043,burningxjeff,1233,funny
in0dzz,158013,mymexicanshrek,4085,nextfuckinglevel
9rgbk9,157943,Dilligaf_Bazinga,1286,pics
eud39b,157923,unknown_human,3694,gifs
jkf7wp,157916,idea4granted,2338,memes
hdbs9m,157908,Ainsley-Sorsby,14413,gifs
5pqxdk,157902,GallowBoob,5247,pics
bx1911,157901,kevinowdziej,3258,aww
hs7k7e,157864,snap2,6458,pics
hn5lts,157864,None,364,memes
7xjolg,157838,lake1111,1876,funny
dybzwo,157806,Elizabeth-II,6725,pics
a96dzy,157766,tessellating,1970,pics
id8l5s,157749,PierrePicaud-V2,2094,pics
g2jy7r,157632,blazetop21,1246,memes
8xpbud,157605,None,1846,funny
ia6yog,157590,XxCozmoKramerxX,1467,MadeMeSmile
l78yde,157530,adnbenji,2787,wallstreetbets
9e9ycq,157522,fuzzysalad,1817,pics
7phaej,157484,Jamtonisalon,1498,gifs
gr1xqd,157476,Ordner,2396,interestingasfuck
kn08ju,157447,beerbellybegone,3160,MurderedByWords
lbrr7z,157401,iam4real,788,interestingasfuck
lexpog,157381,orchid_breeder,1117,pics
fjlguv,157380,WillOfTheLand,1020,pics
7ejban,157283,Meltingteeth,6287,videos
7ga0n5,157244,wuillermania,4028,pics
gdpqgx,157215,Takayda0808,1808,pics
gukjcl,157205,None,832,nextfuckinglevel
id78l6,157176,5_Frog_Margin,1524,interestingasfuck
futfxj,157125,utkubaba9581,782,memes
i9itts,157114,Dude_von_Duden,650,dankmemes
a1jarc,157025,B45M5N,2023,funny
f66d94,157025,None,3067,nextfuckinglevel
i8oj1s,157023,lindserrific,1621,WhitePeopleTwitter
id0zed,156986,adithya17,1101,memes
a0lga5,156933,emuuuh,1986,gifs
heg5p0,156870,knownothingwiseguy,2109,nextfuckinglevel
krntg6,156758,klawdz,10138,politics
kjhh0z,156674,__Dawn__Amber__,4136,memes
jah7qr,156642,Smellydude00,821,memes
giaf19,156574,Bonelesszeeebra,3089,facepalm
8o8ixe,156567,minxwell,5167,pics
72vqga,156527,alfosn,4787,pics
hpv4zc,156520,None,2814,memes
6my4rr,156475,Live_Lucky,6827,pics
gu5yru,156472,SUPERGUESSOUS,6700,PublicFreakout
79xneh,156470,paochow,1271,funny
a4fpgb,156399,3than6,2639,pics
arkysr,156343,Tan-zania,1353,aww
8ybuck,156332,createch,3076,funny
9r9gfb,156246,None,1782,aww
kgg9ns,156205,dcxr,764,memes
jdp6dh,156182,markthe1andonly,1280,nextfuckinglevel
9yvn9w,156125,sirmakoto,1053,aww
b4jykl,156121,Subcivil,2361,dankmemes
ksolcp,156116,habichuelacondulce,7453,PublicFreakout
l8tw56,156082,DawudM,4105,wallstreetbets
g8fxi5,156028,vpdots,1371,aww
jskbwq,156000,Squeezyballs,1864,memes
fg0037,155872,wer190,3321,funny
9wgrdf,155783,cameraman502,6256,news
9ixufp,155687,Millertime166,2676,pics
fkr7mj,155687,toxicpenguin9,1433,memes
k7stok,155673,idea4granted,526,memes
gsx24e,155625,Pow67,2678,pics
ih7abz,155625,jreynol5,2007,aww
kzisfb,155495,HomiieEric,560,memes
f8i5ss,155465,1ZacNolan1,8875,pics
76ytpe,155464,None,2204,funny
agaw6o,155408,Glumbot_2,2484,gifs
hafl7q,155381,ganymede94,10456,PublicFreakout
i9qoe4,155349,Ema005,633,dankmemes
bblu6v,155289,Science_News,5511,science
ipc5gi,155204,Josan678,1440,memes
h09ck4,155200,RaboKarabekiann,1974,nextfuckinglevel
i1xk6k,155177,Sugar_Boom,1426,aww
6yoa4m,155138,Ewanbb,6208,gaming
hr2oik,155135,Dagur145,977,memes
k38zcv,154960,imperial_dragon_7,632,memes
i91c5f,154886,Bmchris44,424,facepalm
go5c6f,154831,aloofloofah,2385,interestingasfuck
f9y327,154813,JustCalmUp,927,memes
9abi3e,154794,nmork,11351,news
fjr1xz,154785,PlatypusOverlord,2921,pics
fbiiys,154776,pepshake,2390,pics
l92fas,154773,Parliament--,2776,wallstreetbets
dhubor,154759,jonbristow,10174,gifs
4d75i7,154756,mister_geaux,12003,worldnews
ixby19,154730,abbynormalisrelative,836,aww
kqwgkn,154681,Morchel03,590,memes
iqemt5,154644,bobekyrant,845,memes
abjhak,154622,GALLAMALLA,1858,gifs
iw06sp,154598,kvnorlly,1250,pics
kadyah,154543,gammalantern,1960,gaming
9ch5lm,154426,mootjuggler,1211,funny
fl1n5h,154350,Mikehuntpunt91,1903,aww
himsju,154344,lauvnoodles,14809,AskReddit
kazjee,154318,None,885,memes
ecm8hc,154266,oroticacid,17022,news
89inzk,154244,TheGospelOfMark,2533,aww
gy2a4p,154217,armyfidds,1066,interestingasfuck
j2muoo,154144,ManPlan78,6618,gifs
ah0kx9,154101,uninsomnia,1266,aww
ivh8ka,154078,Short-fat-sassy,24952,news
jur74w,154069,None,1249,interestingasfuck
i9n2b6,153992,SickMotherLover,882,memes
hkgd07,153959,notkhaos,1064,memes
avjijz,153948,bagelchips,2558,gifs
jaift9,153946,Ewoud2001,2233,gaming
aeish3,153924,WhatTheFuckKanye,4442,gaming
ip19y6,153796,ja534,2302,IdiotsInCars
jmrclb,153755,thedevilwithout,2994,memes
fge0er,153724,push_matrix,1977,gaming
c89e28,153690,nnaabbiill,2008,pics
gelw3r,153664,perses777,5497,gaming
j5wxlv,153642,jiveturtleturd,2089,pics
7ye3l5,153640,None,1841,gifs
kic3df,153572,PrettyCoolTim,634,memes
ij2bs8,153565,flinchFries,2367,gaming
6yq3hr,153487,alsomaggie,2985,pics
iymxvq,153484,hawa11styl3,2548,nextfuckinglevel
9il92t,153454,Robusto923,3474,gaming
kjkewg,153396,HowIce,904,memes
lcupdi,153388,irmisltu,876,memes
ixz8n3,153354,GravyxNips,724,memes
alotdg,153321,commonvanilla,2833,gifs
a0gfoo,153287,nick_wons,2255,pics
i479wl,153268,rOreos_,1444,aww
h8cxtf,153265,Brodr20,1092,nextfuckinglevel
i8zobq,153172,tteeggeerr,1012,memes
knhwzx,153145,KLASHINOV,527,memes
gk69tc,153033,itsclickerzyt,1902,memes
dvgg2j,152958,skeleton_claw,1712,funny
k2j4mu,152917,GravyxNips,782,memes
gwjuio,152883,Chubbypand4,1019,MadeMeSmile
ksdlh4,152832,Mellanchef,4168,pics
k76iwc,152759,elch3w,861,memes
ecyglr,152739,boesman0345,814,rickandmorty
k9sf4v,152648,winkysocks21,908,memes
hxq59l,152637,Cringeboy420,1430,memes
6vb1lr,152624,lesbiancarwash,1704,pics
g4d0ij,152609,RodzRodzRodz,2340,Showerthoughts
l43m5f,152556,eubosdasbrot,3283,PublicFreakout
jpmv6e,152515,sarge-m,2020,nextfuckinglevel
k3nao9,152468,yeyo1600,1810,memes
jhx0z2,152401,Sapulinjing,1343,aww
lafh4d,152376,rumblesaurus69,5904,wallstreetbets
8jwa2m,152362,None,5714,pics
hc26v2,152361,orchid_breeder,3298,WhitePeopleTwitter
g0wuy5,152347,NotWhatIwasExpecting,838,funny
eb15tp,152323,Eric__Fapton,2759,todayilearned
k2niko,152320,TheJenkinsComic,380,funny
gwk61n,152241,RallyZona,6616,news
d4k2ce,152210,EarlyNeedleworker,2396,space
dkeyl0,152201,hishon01,861,memes
fvmngf,152139,mariannabe,978,aww
8lbaob,152134,t5_bluBLrv,1601,funny
kka536,152121,slim_p_,8586,AskReddit
axc9w9,152110,ihaveananecdote4u,1404,aww
hfooid,152069,JesseD320,2277,pics
l8xb41,151929,hamiltonisoverrat3d,2054,nextfuckinglevel
780gg2,151902,o0poppei0o,3717,gaming
64q56l,151800,USBrock,1711,funny
hsz2rg,151732,LoudnessofTheLambs,1021,memes
k7cc2o,151664,None,939,memes
hv72fd,151653,winkysocks21,663,memes
7eipbx,151615,jaxspider,1454,EarthPorn
k9pemt,151558,pkkballer22,2374,aww
arqv44,151525,EatPrayNub,3294,pics
8rcovs,151495,Tucko29,1319,funny
is13ym,151493,boukalele,926,memes
gmbpbo,151467,shredd77,986,pics
8narht,151434,BriannaBean,1631,aww
846vfm,151384,LearnedBravery,982,aww
k0vncp,151292,MilkyChast,1297,memes
a4el0r,151231,ImJustSuchAHappyMess,3214,funny
hsxbs0,151213,zaynthelegend,2526,pics
jvsg0x,151202,NiceLettuce4,1446,memes
ix6bkl,151154,unnaturalorder,2228,aww
94vdkj,151120,None,5274,pics
8ylvef,150951,duglasfresh,416,aww
it8euj,150942,Mandarics,677,memes
jpp9s0,150888,Elchappell,540,memes
l5n562,150866,SrGrafo,4454,gaming
974tm4,150831,Tarhabibi,1987,funny
dcxylq,150821,None,11014,AskReddit
he486e,150781,Leopoldo14,2083,pics
g33xj3,150701,TeisTom,1391,aww
hhdn22,150696,None,1092,memes
es3aho,150646,unnaturalorder,3277,gifs
fhw7sd,150645,None,729,memes
jayl9m,150611,D-Doss667,697,memes
hmawfw,150602,beerbellybegone,2541,MurderedByWords
kvvqvw,150594,jasonleedesigns,8072,pics
jhxybe,150546,MrCocaKoala,3675,pics
ixu5oz,150537,TheAntiAirGuy,774,memes
aa05uq,150449,HeLsel,1586,aww
hmq8qx,150431,AOTTTN,463,memes
hz058m,150380,zaynthelegend,2154,pics
knbuqx,150365,RegularNoodles,1090,memes
8tbrn6,150361,unknown_human,2556,pics
d9cqt8,150343,Thund3rbolt,1594,aww
8ueos2,150330,Yegs454,5638,pics
9vw2w3,150308,maxwellhill,7933,worldnews
hmwhd7,150306,Jeremy_Martin,7179,worldnews
gvnkdv,150255,ladybluerose,2722,nextfuckinglevel
hdxcb4,150234,NBAJam95,1905,funny
g860tb,150196,ilurvbears,1611,aww
iq5lgw,150144,alish_sapkota,809,memes
logy8o,150138,jcepiano,4464,pics
hr25vi,150135,Swag420BlazeItUpBruh,2550,gaming
l7aj2e,150129,waaaaaaaaaaaaaaahhhh,1818,wallstreetbets
8hdcrq,150107,TheNervousPoops,2479,pics
hskd2w,150103,Thund3rbolt,755,aww
ag9ypc,150065,SrGrafo,3896,gaming
crscs5,149939,NyetNeinNo,1880,nextfuckinglevel
7l4s0r,149914,None,12904,news
hp6x2w,149900,cmyes,6499,pics
llx429,149834,None,1310,memes
jxlpkl,149798,None,1284,memes
bcesjp,149747,MyNameGifOreilly,3675,gifs
j0zqzu,149742,SerScronzarelli,14223,news
k0pd2g,149651,AdeebHasan,439,memes
fr68h2,149571,ThunderGunExpress-,3311,funny
cufzra,149568,sephar3d,5029,gaming
gqwpxm,149522,None,552,memes
i733ef,149494,nekkototoro,2176,facepalm
ajqj13,149456,H1ggyBowson,1526,interestingasfuck
fx56nf,149381,TrentonTallywacker,1444,pics
8r0pyl,149308,GeneratedUser,3086,pics
aqdwgb,149294,TooShiftyForYou,2028,gifs
ilqckf,149289,Brainless_Gamer,912,memes
i3vkb7,149271,Hy-phenated,2045,interestingasfuck
ck08in,149254,Ghandisli,11339,Wellthatsucks
92d0jf,149217,Stillbroke,3652,funny
a7as8i,149185,Sumit316,3292,pics
d44cen,149155,Unspecial_operations,1352,funny
la8n7o,149097,giov1234,6048,wallstreetbets
9pto8z,149068,kradnozd,1047,funny
a9rjmr,149067,everyEV,4946,Futurology
99bzg1,149022,SureChampion,1065,funny
hmv62q,148992,the-real-agent-crab,597,memes
g1tjk4,148974,XxANONYMOUS_SniperXx,807,memes
er70xq,148961,viral-architect,460,memes
itgr4p,148828,paigebennettblack,1464,pics
l6ludc,148820,Idrialis,3815,nextfuckinglevel
j0mowq,148791,jack_g1bson,845,memes
7trh1x,148754,Tucko29,1713,gifs
94lbfu,148753,faisalhassanx,3250,pics
eye4ln,148736,None,1830,Wellthatsucks
ky06em,148719,Jana_kannan,500,memes
i4c24k,148718,ramonrocotto,4207,pics
e405gw,148691,None,2376,pics
cymx0k,148658,abcaz34,1628,funny
gge3nl,148613,Dranzoflms,1865,nextfuckinglevel
hf1fv2,148573,Imzadi90,1437,aww
je2vhs,148516,lkfos,2341,nextfuckinglevel
i6i1wz,148496,notsureaboutLIFE24,1004,memes
lh5hdz,148466,DanbyDraws,1061,gaming
afbq03,148337,EridanusVoid,3575,pics
71r085,148313,None,3828,funny
feonl7,148269,wrenchingpine,3577,pics
j9tv9h,148105,comit_autocoprophagy,895,memes
ifba0y,148097,Pedrica1,1320,nextfuckinglevel
ha294l,148074,bigwillythefirst1066,1179,memes
kpw1i4,148064,sleepysnowboarder,4486,videos
kzx08x,148058,None,8072,worldnews
7vfxix,147976,mas1234,1917,funny
aitfgl,147881,hobypopy,1825,gifs
7ivfka,147875,dickfromaccounting,2674,gaming
kt459d,147843,primerush,12036,pics
i3648z,147836,None,1303,memes
7ekwu9,147794,JPTIII,1745,Music
7gx8ax,147786,ILoveAnt,1853,pics
g6yzf5,147781,peabut_nutters,926,memes
ecm1zg,147743,PoliticsModeratorBot,50872,politics
l1a7b0,147703,coltellochiave,531,memes
hwfhqh,147660,megbliss,880,memes
gzvmf7,147655,jigsawmap,9361,pics
gyt2uu,147645,impeccabletim,8987,gifs
av4kpi,147605,srichard22,1886,gaming
fk508f,147605,pawelzakieta97,783,aww
itzncp,147519,jaewaie,2740,interestingasfuck
6hfn9n,147497,RyvalHEX,1825,funny
h9yyc5,147414,None,2167,memes
ep4blk,147368,NOTDHRUVIL,479,memes
l7weuu,147350,sugma22,5780,wallstreetbets
7jtexm,147343,DWinsauer,18059,news
dcyjg4,147321,Crochetverse,2030,pics
i33bkg,147256,OhCaptainDem,3456,funny
kt785i,147251,Ketsetri,10320,technology
ic9oqs,147249,G3tsPlastered4Alvng,446,memes
jz0vx1,147204,eastcoastitnotes,2070,funny
if13xl,147187,None,1168,memes
6fte1n,147158,ReverseKarmaMan,5228,funny
l06fky,147131,Thelazytimetraveller,1162,memes
7ch886,147121,dickfromaccounting,3548,pics
7pcjqm,147083,Morty_Goldman,4287,gifs
kjxgos,146986,CmdrThunderpunch,2007,gaming
7ejbyf,146929,izumi3682,2958,Futurology
knph56,146890,xSelf14,515,memes
k6hqyz,146841,FreddyKrum,495,memes
h0y6pm,146828,rebelliousmuse,3900,worldnews
l7qwvo,146749,consygiere,5151,wallstreetbets
fb5lk5,146719,None,1824,pics
dj88ua,146697,Tmfwang,4677,pics
k0u6ig,146692,mattorihanzo,7562,funny
d079np,146573,bot70,1082,memes
ebzhdi,146557,yogthos,1919,funny
fnq1y0,146554,None,1638,funny
6r5cpe,146519,xsitin,1368,funny
egvrh7,146443,sdsanth,3011,worldnews
ijue2m,146292,Palifaith,2407,gaming
ad0usn,146234,SchuminWeb,5768,pics
i6lqv8,146168,OrganicHotDog,905,memes
75r625,146157,None,1980,gaming
a5i6ui,146135,zappasaurus,2928,pics
iug3kb,146098,kagrenzel27,866,memes
8qxzol,146087,mocosoft,3139,gifs
aac955,146076,Googleflax,3639,gifs
ahboa5,146029,SrGrafo,3906,gaming
7erver,145859,maxwellhill,4003,worldnews
jx45ny,145751,Yoshino_Aozora,1042,memes
fkhqo5,145725,Abdoa00,2713,pics
j5r7rd,145578,holyfruits,5524,gifs
6ej1gb,145522,_NITRISS_,2101,gaming
i0sakk,145522,None,498,memes
gj4sf8,145483,Crionin,996,memes
i4r81a,145254,MrSpooniversal,15872,AskReddit
i4t9cr,145211,SkrooImperator,708,memes
8lwzqs,145148,Armless_Void,5430,gaming
ikmlyr,145141,EYE-CHAiN,1787,gaming
iikw64,145028,bbc_her,1478,gifs
6v6dqp,145020,SoDakZak,1082,pics
eqj7z0,144978,BlackBox-,2349,gaming
i0ufzr,144904,DoremusJessup,4930,worldnews
a5cio7,144860,None,2021,funny
6suwhn,144850,GallowBoob,3733,pics
